<metadata xml:lang="en"><Esri><CreaDate>20130529</CreaDate><CreaTime>16042400</CreaTime><ArcGISFormat>1.0</ArcGISFormat><ArcGISstyle>ISO 19139 Metadata Implementation Specification</ArcGISstyle><SyncOnce>TRUE</SyncOnce><DataProperties><itemProps><itemName Sync="TRUE">Export_Output</itemName><imsContentType Sync="TRUE" export="False">002</imsContentType><nativeExtBox><westBL Sync="TRUE">33.907223</westBL><eastBL Sync="TRUE">41.902870</eastBL><southBL Sync="TRUE">-4.677528</southBL><northBL Sync="TRUE">5.040867</northBL><exTypeCode Sync="TRUE">1</exTypeCode></nativeExtBox><itemSize Sync="TRUE">0.218</itemSize><itemLocation><linkage Sync="TRUE">file://\\ICF2000738\E$\06_SDR\05_Website\SDR_Metadata_Template-NewDataSchema</linkage><protocol Sync="TRUE">Local Area Network</protocol></itemLocation></itemProps><coordRef><type Sync="TRUE">Geographic</type><geogcsn Sync="TRUE">GCS_WGS_1984</geogcsn><peXml Sync="TRUE">&lt;GeographicCoordinateSystem xsi:type='typens:GeographicCoordinateSystem' xmlns:xsi='http://www.w3.org/2001/XMLSchema-instance' xmlns:xs='http://www.w3.org/2001/XMLSchema' xmlns:typens='http://www.esri.com/schemas/ArcGIS/10.0'&gt;&lt;WKT&gt;GEOGCS[&amp;quot;GCS_WGS_1984&amp;quot;,DATUM[&amp;quot;D_WGS_1984&amp;quot;,SPHEROID[&amp;quot;WGS_1984&amp;quot;,6378137.0,298.257223563]],PRIMEM[&amp;quot;Greenwich&amp;quot;,0.0],UNIT[&amp;quot;Degree&amp;quot;,0.0174532925199433],AUTHORITY[&amp;quot;EPSG&amp;quot;,4326]]&lt;/WKT&gt;&lt;XOrigin&gt;-399.99999999999989&lt;/XOrigin&gt;&lt;YOrigin&gt;-399.99999999999989&lt;/YOrigin&gt;&lt;XYScale&gt;11258999068426.24&lt;/XYScale&gt;&lt;ZOrigin&gt;-100000&lt;/ZOrigin&gt;&lt;ZScale&gt;10000&lt;/ZScale&gt;&lt;MOrigin&gt;-100000&lt;/MOrigin&gt;&lt;MScale&gt;10000&lt;/MScale&gt;&lt;XYTolerance&gt;8.9831528411952133e-009&lt;/XYTolerance&gt;&lt;ZTolerance&gt;0.001&lt;/ZTolerance&gt;&lt;MTolerance&gt;0.001&lt;/MTolerance&gt;&lt;HighPrecision&gt;true&lt;/HighPrecision&gt;&lt;LeftLongitude&gt;-180&lt;/LeftLongitude&gt;&lt;WKID&gt;4326&lt;/WKID&gt;&lt;/GeographicCoordinateSystem&gt;</peXml></coordRef><copyHistory><copy source="E:\06_SDR\03_Processing_Data\SDR_Metadata_Template-NewDataSchema" dest="\\ICF2000738\E$\06_SDR\05_Website\SDR_Metadata_Template-NewDataSchema" date="20130529" time="16042400"/></copyHistory></DataProperties><SyncDate>20111208</SyncDate><SyncTime>15104800</SyncTime><ModDate>20140226</ModDate><ModTime>15095600</ModTime><ArcGISProfile>ISO19139</ArcGISProfile><scaleRange><minScale>150000000</minScale><maxScale>50000</maxScale></scaleRange></Esri><dataIdInfo><envirDesc Sync="TRUE">Microsoft Windows Server 2008 R2 Version 6.1 (Build 7600) ; ESRI ArcGIS 10.0.0.2414</envirDesc><dataLang><languageCode value="eng" country="USA"/></dataLang><idCitation xmlns=""><resTitle Sync="FALSE">The Demographic and Health Surveys (DHS) Program Spatial Data Indicators</resTitle><presForm xmlns=""><PresFormCd value="005"/></presForm><citRespParty xmlns=""><rpOrgName>ICF International</rpOrgName><role><RoleCd value="006"/></role></citRespParty><otherCitDet>Spatial Data Repository, The Demographic and Health Surveys Program. ICF International. 
Available from spatialdata.dhsprogram.com. [Accessed (please insert date of download DD MONTH YEAR)].</otherCitDet></idCitation><descKeys><thesaName uuidref="723f6998-058e-11dc-8314-0800200c9a66"/><keyword Sync="TRUE">002</keyword></descKeys><spatRpType><SpatRepTypCd value="001"/></spatRpType><dataExt xmlns=""><geoEle xmlns=""><GeoBndBox esriExtentType="search"><westBL Sync="TRUE">33.907223</westBL><eastBL Sync="TRUE">41.902870</eastBL><northBL Sync="TRUE">5.040867</northBL><southBL Sync="TRUE">-4.677528</southBL><exTypeCode Sync="TRUE">1</exTypeCode></GeoBndBox></geoEle></dataExt><idPurp>Contains indicator values by sub-national region for the selected DHS Program surveys and indicators.  Refer to the accompanying *csv document within the downloaded package for detailed a detailed indicator key and a summary of available data for the selected survey(s) and indicator(s).  </idPurp><idAbs>&lt;DIV STYLE="text-align:Left;"&gt;&lt;DIV&gt;&lt;DIV&gt;&lt;P&gt;&lt;SPAN&gt;As part of the President’s Emergency Plan for AIDS Relief (PEPFAR) the PEPFAR supported Spatial Data Repository provides geographically based information on various Health and HIV indicators. STATcompiler provides the indicator data to populate the geographic information for the Spatial Data Repository. All data is from The Demographic and Health Surveys (DHS) Program, which conducts nationally representative population-based surveys in over 89 countries. These surveys are representative at the sub national level (generally, 1st Administrative level). However, in some cases the sampling frame combines two or more 1st administrative areas or includes major cities as separate regions.&lt;/SPAN&gt;&lt;/P&gt;&lt;UL STYLE="margin:0 0 0 0;padding:0 0 0 0;"&gt;&lt;LI&gt;&lt;P&gt;&lt;SPAN&gt;&lt;SPAN&gt;Administrative0 Boundaries source: US Department of State's Office of the Geographer (INR/GGI) - Small Scale International Boundaries (SSIB), Updated December 2011.&lt;/SPAN&gt;&lt;/SPAN&gt;&lt;/P&gt;&lt;/LI&gt;&lt;LI&gt;&lt;P&gt;&lt;SPAN&gt;DHS Regions Internal Boundaries source: The DHS regions boundaries are created on a survey specific basis to correspond to the sampled areas of the survey, therefore the boundaries may not correspond to the Administrative1 or other official administrative boundaries of a country.&lt;/SPAN&gt;&lt;/P&gt;&lt;/LI&gt;&lt;/UL&gt;&lt;/DIV&gt;&lt;/DIV&gt;&lt;/DIV&gt;</idAbs><searchKeys><keyword>SDR</keyword><keyword>PEPFAR</keyword><keyword>USAID</keyword><keyword>DHS Program</keyword><keyword>DHS</keyword><keyword>STATcompiler</keyword></searchKeys><themeKeys xmlns=""><keyword>HIV, Indicators, DHS</keyword></themeKeys><idPoC xmlns=""><rpIndName>GIS Analyst</rpIndName><rpOrgName>ICF International</rpOrgName><rpCntInfo xmlns=""><cntAddress addressType=""><delPoint>530 Gaither Road, Suite 500</delPoint><city>Rockville</city><adminArea>MD</adminArea><postCode>20850</postCode><country>UNITED STATES</country><eMailAdd>spatialdata@dhsprogram.com</eMailAdd></cntAddress><cntPhone><voiceNum tddtty="">+1 301-407-6500</voiceNum><faxNum>+1 301-572-0999</faxNum></cntPhone><cntHours>9:00-5:00 M-F</cntHours></rpCntInfo><role><RoleCd value="007"/></role></idPoC><resConst><LegConsts xmlns=""><useLimit>This spatial Demographic and Health Surveys Program Data Package is made available from the Spatial Data Repository and STATcompiler under the Open Database License: http://opendatacommons.org/licenses/odbl/1.0/. Any rights in individual contents of the database are licensed under the Database Contents License: http://opendatacommons.org/licenses/dbcl/1.0/</useLimit><accessConsts><RestrictCd value="008"/></accessConsts><useConsts><RestrictCd value="008"/></useConsts></LegConsts></resConst><dataChar><CharSetCd value="004"/></dataChar><idCredit>USAID-funded The Demographic and Health Surveys (DHS) Program: Produced by ICF International, USA. Refer to the final report online to determine the local implementing agencies for each survey: http://www.dhsprogram.com/Publications/Publication-Search.cfm</idCredit><resConst><Consts xmlns=""><useLimit>&lt;DIV STYLE="text-align:Left;"&gt;&lt;DIV&gt;&lt;DIV&gt;&lt;P&gt;&lt;SPAN&gt;This spatial Demographic and Health Surveys Program Data Package is made available from the Spatial Data Repository and STATcompiler under the Open Database License: http://opendatacommons.org/licenses/odbl/1.0/. Any rights in individual contents of the database are licensed under the Database Contents License: http://opendatacommons.org/licenses/dbcl/1.0/&lt;/SPAN&gt;&lt;/P&gt;&lt;P&gt;&lt;SPAN&gt;Data users should cite the Spatial Data Repository as the source of all derived reports, publications, presentations, or other products. To use the recommended citation, simply replace the date of download.&lt;/SPAN&gt;&lt;/P&gt;&lt;P STYLE="margin:0 0 0 0;"&gt;&lt;SPAN STYLE="font-size:12pt"&gt;Spatial Data Repository, The Demographic and Health Surveys Program. ICF International. &lt;/SPAN&gt;&lt;/P&gt;&lt;P STYLE="margin:0 0 0 0;"&gt;&lt;SPAN STYLE="font-size:12pt"&gt;Available from &lt;/SPAN&gt;&lt;A href="http://spatialdata.dhsprogram.com"&gt;&lt;SPAN STYLE="font-size:12pt"&gt;spatialdata.dhsprogram.com&lt;/SPAN&gt;&lt;/A&gt;&lt;SPAN STYLE="font-size:12pt"&gt;. [Accessed (please insert date of download DD MONTH YEAR)].&lt;/SPAN&gt;&lt;/P&gt;&lt;P&gt;&lt;SPAN /&gt;&lt;/P&gt;&lt;/DIV&gt;&lt;/DIV&gt;&lt;/DIV&gt;</useLimit></Consts></resConst><resMaint xmlns=""><maintFreq><MaintFreqCd value="009"/></maintFreq></resMaint><tpCat><TopicCatCd value="009"/></tpCat></dataIdInfo><mdLang><languageCode value="eng"/></mdLang><mdChar><CharSetCd value="004"/></mdChar><distInfo xmlns=""><distFormat xmlns=""><formatName Sync="TRUE">Shapefile</formatName></distFormat><distTranOps xmlns=""><transSize Sync="TRUE">0.218</transSize></distTranOps><distributor xmlns=""><distorCont xmlns=""><rpIndName>Spatial Data Repository and STATcompiler</rpIndName><role><RoleCd value="005"/></role><rpOrgName>ICF International</rpOrgName></distorCont></distributor></distInfo><mdHrLv><ScopeCd value="005"/></mdHrLv><mdHrLvName Sync="TRUE">dataset</mdHrLvName><refSysInfo><RefSystem dimension=""><refSysID xmlns=""><identCode code="4326"/><idCodeSpace Sync="TRUE">EPSG</idCodeSpace><idVersion Sync="TRUE">7.4.1</idVersion></refSysID></RefSystem></refSysInfo><spdoinfo><ptvctinf><esriterm Name="Export_Output"><efeatyp Sync="TRUE">Simple</efeatyp><efeageom Sync="TRUE">4</efeageom><esritopo Sync="TRUE">FALSE</esritopo><efeacnt Sync="TRUE">8</efeacnt><spindex Sync="TRUE">TRUE</spindex><linrefer Sync="TRUE">FALSE</linrefer></esriterm></ptvctinf></spdoinfo><spatRepInfo><VectSpatRep xmlns=""><topLvl><TopoLevCd value="001"/></topLvl><geometObjs><geoObjTyp><GeoObjTypCd value="002"/><geoObjCnt Sync="TRUE">8</geoObjCnt></geoObjTyp></geometObjs></VectSpatRep></spatRepInfo><eainfo><detailed xmlns=""><enttyp><enttypl>Attribute Information</enttypl></enttyp><attr xmlns=""><attrlabl>ISO</attrlabl><attalias>ISO Code</attalias><attrdef>Two letter ISO country code</attrdef><attrdefs>http://www.iso.org/iso/home/standards/country_codes/country_names_and_code_elements.htm</attrdefs><attrtype>String</attrtype><attwidth>2</attwidth></attr><attr xmlns=""><attrlabl>FIPS</attrlabl><attalias>FIPS Country Code</attalias><attrdef>Federal Information Processing Standards (FIPS) 2 letter country code</attrdef><attrdefs>http://www.itl.nist.gov/fipspubs/fip10-4.htm</attrdefs><attrtype>String</attrtype><attwidth>2</attwidth></attr><attr xmlns=""><attrlabl>DHS CC</attrlabl><attalias>DHS Country Code</attalias><attrdef>Two letter DHS country code</attrdef><attrdefs>http://www.dhsprogram.com/data/File-Types-and-Names.cfm#CP_JUMP_10136</attrdefs><attrtype>String</attrtype><attwidth>2</attwidth></attr><attr xmlns=""><attrlabl>SVYTYPE</attrlabl><attalias>Survey Type</attalias><attrdef>three letter survey type i.e. DHS, MIS, AIS, SPA, or OTH (for all other survey types)
</attrdef><attrdefs>http://www.dhsprogram.com/What-We-Do/Survey-Types/index.cfm</attrdefs><attrtype>String</attrtype><attwidth>3</attwidth></attr><attr xmlns=""><attrlabl>SVYYEAR</attrlabl><attalias>Survey Year</attalias><attrdef>Four digit year of the survey.  If the survey spanned more than one year, the primary survey year is assigned for this attribute.</attrdef><attrdefs>http://www.dhsprogram.com/What-We-Do/Survey-Search.cfm</attrdefs><attrtype>Double</attrtype><attwidth>4</attwidth></attr><attr xmlns=""><attrlabl>CNTRYNAMEE</attrlabl><attalias>Country Name in English</attalias><attrdef>Country name in English</attrdef><attrtype>Sring</attrtype><attwidth>255</attwidth></attr><attr xmlns=""><attrlabl>CNTRYNAMEF</attrlabl><attalias>Country Name in French</attalias><attrdef>Country Name in French</attrdef><attrtype>String</attrtype><attwidth>255</attwidth></attr><attr xmlns=""><attrlabl>CNTRYNAMES</attrlabl><attalias>Country Name in Spanish</attalias><attrdef>Country name in Spanish</attrdef><attrtype>String</attrtype><attwidth>255</attwidth></attr><attr xmlns=""><attrlabl>DHSREGEN</attrlabl><attalias>DHS Region in English</attalias><attrdef>DHS Region name in English</attrdef><attrdefs>Final Report</attrdefs><attrtype>String</attrtype><attwidth>255</attwidth></attr><attr xmlns=""><attrlabl>DHSREGFR</attrlabl><attalias>DHS Region in French</attalias><attrdef>DHS Region name in French</attrdef><attrdefs>Final Report</attrdefs><attrtype>String</attrtype><attwidth>255</attwidth></attr><attr xmlns=""><attrlabl>DHSREGSP</attrlabl><attalias>DHS Region in Spanish</attalias><attrdef>DHS Region name in Spanish</attrdef><attrdefs>Final Report</attrdefs><attrtype>String</attrtype><attwidth>255</attwidth></attr><attr xmlns=""><attrlabl>SVYID</attrlabl><attalias>Survey ID</attalias><attrdef>3 digit survey identification code
</attrdef><attrtype>Double</attrtype><attwidth>3</attwidth></attr><attr xmlns=""><attrlabl>Svy_Map</attrlabl><attalias>Survey Mappable</attalias><attrdef>Lists whether the survey is mappable at the sub-national level.  NOTE: If this field is no, the geometry for the survey will be at the national level</attrdef><attrtype>String</attrtype><attwidth>3</attwidth></attr><attr xmlns=""><attrlabl>MULTLEVEL</attrlabl><attalias>Multiple Levels of representativeness</attalias><attrdef>Lists whether the survey is representative at multiple sub-national levels.  NOTE: Urban/Rural status is considered to be a residence classification, not a sub-national level classification.</attrdef><attrdefs>Final Report</attrdefs><attrtype>String</attrtype><attwidth>3</attwidth></attr><attr xmlns=""><attrlabl>LEVELRNK</attrlabl><attalias>Sub-national level rank</attalias><attrdef>Ranks the sub-national level of represntativeness.  Level 1 rank is the default display level for STATcompiler.com.  Level 2 and 3 ranks are alternate levels of sub-national representation.</attrdef><attrdefs>www.statcompiler.com</attrdefs><attrtype>Double</attrtype><attwidth>1</attwidth></attr><attr xmlns=""><attrlabl>REGVAR</attrlabl><attalias>DHS region recode variable</attalias><attrdef>The variable name within the household recode file that aligns to the subnational level of representation. NOTE: this field will be "NULL" if the sub-national level does not align with a variable within the recode file or if the recode file is not in public domain</attrdef><attrdefs>Household Recode File</attrdefs><attrtype>String</attrtype><attwidth>255</attwidth></attr><attr xmlns=""><attrlabl>REGCODE</attrlabl><attalias>DHS region recode code</attalias><attrdef>The variable code within the household recode file that aligns to the subnational level of representation. NOTE: this field will be "9999" if the sub-national area does not align with a variable within the recode file or the recode file is not in public domain.</attrdef><attrdefs>Household Recode File</attrdefs><attrtype>Double</attrtype><attwidth>4</attwidth></attr><attr xmlns=""><attrlabl>REGNAME</attrlabl><attalias>DHS region recode name</attalias><attrdef>The region name within the household recode file that aligns to the subnational level of representation. NOTE: this field will be "NULL" if the sub-national level does not align with a variable within the recode file or the recode file is not in public domain.</attrdef><attrdefs>Household Recode File</attrdefs><attrtype>String</attrtype><attwidth>255</attwidth></attr><attr xmlns=""><attrlabl>OTHREGVAR</attrlabl><attalias>Other region recode variable</attalias><attrdef>the variable name within the household recode file that lists another sub-national level of representativeness that may be formed by aggregating the areas.  NOTE:  This field will be "NULL" if the sub-national areas cannot be aggregated to align with another sub-national level of representation for the survey or the recode file is not in public domain.</attrdef><attrdefs>Household Recode File</attrdefs><attrtype>String</attrtype><attwidth>255</attwidth></attr><attr xmlns=""><attrlabl>OTHREGCO</attrlabl><attalias>Other region recode code</attalias><attrdef>The variable code within the household recode file that aligns to another sub-national level of representativeness that may be formed by aggregating the areas.  NOTE:  This field will be "9999" if the sub-national area cannot be aggregated to align with another sub-national level of representation for the survey or the recode file is not in public domain.</attrdef><attrdefs>Household Recode File</attrdefs><attrtype>Double</attrtype><attwidth>4</attwidth></attr><attr xmlns=""><attrlabl>OTHREGNA</attrlabl><attalias>Other region recode name</attalias><attrdef>The region name within the household recode file that aligns to another sub-national level of representativeness that may be formed by aggregating the areas.  NOTE:  This field will be "NULL" if the sub-national area cannot be aggregated to align with another sub-national level of representation for the survey or the recode file is not in public domain.</attrdef><attrdefs>Household Recode File</attrdefs><attrtype>String</attrtype><attwidth>255</attwidth></attr><attr xmlns=""><attrlabl>LEVELCO</attrlabl><attalias>Standard code of regions level</attalias><attrdef>The administrative description of the regions in the sub-national level.  Admin1, Admin2, Admin1 and Capital City,Groups of Admin1, Groups of Admin2, Ecological Regions, Natural Regions, or Other</attrdef><attrdefs>Final Report</attrdefs><attrtype>String</attrtype><attwidth>255</attwidth></attr><attr xmlns=""><attrlabl>LEVELNA</attrlabl><attalias>Name of regions level</attalias><attrdef>The country specific name for the level of administrative representativeness (i.e. zone, province, district, etc.)</attrdef><attrdefs>Final Report</attrdefs><attrtype>String</attrtype><attwidth>255</attwidth></attr><attr xmlns=""><attrlabl>REPALLIND</attrlabl><attalias>Representative for all survey indicators</attalias><attrdef>Lists whether the sub-national level is representative for all of the survey indicators
</attrdef><attrdefs>Final Report</attrdefs><attrtype>String</attrtype><attwidth>3</attwidth></attr><attr xmlns=""><attrlabl>REGNOTES</attrlabl><attalias>Regional Notes</attalias><attrdef>Explanatory notes on the region and how it has changed over time.</attrdef><attrdefs>Final Report</attrdefs><attrtype>String</attrtype><attwidth>255</attwidth></attr><attr xmlns=""><attrlabl>SVYNOTES</attrlabl><attalias>Survey Notes</attalias><attrdef>Explanatory notes on all the sub-national boundaries of representativeness for the survey</attrdef><attrdefs>Final Report</attrdefs><attrtype>String</attrtype><attwidth>255</attwidth></attr><attr xmlns=""><attrlabl>IndicatorValues</attrlabl><attrdef>If there is no data available for a selected indicator for the selected survey(s), the attribute field will be "null" in geodatabase format or "9999" in shapefile format. Please note that survey questionnaires vary by survey type and country, therefore not all indicators are available for all surveys.  Refer to the data_availability.csv file to view whether the indicator(s) selected for this data package are available</attrdef></attr><attr xmlns=""><attrlabl>REG_ID</attrlabl><attrdef>Unique region identifier created by concatenating DHSCTRYCODE &amp; SVYTYPE &amp; SVYYEAR &amp; CHAR_CAT_ID &amp; CHAR_ID.  NOTE: If the area is excluded from the survey, this field will be "Excluded".</attrdef><attrdefs>DHSCTRYCODE &amp; SVYTYPE &amp; SVYYEAR &amp; CHAR_CAT_ID &amp; CHAR_ID</attrdefs><attrtype>String</attrtype><attwidth>15</attwidth></attr></detailed><overview xmlns=""><eaover>If there is no data available for a selected indicator for the selected survey(s), the attribute field will be "null" in geodatabase format or "9999" in shapefile format. Please note that survey questionnaires vary by survey type and country, therefore not all indicators are available for all surveys.  Refer to the data_availability.csv file to view whether the indicator(s) selected for this data package are available</eaover></overview></eainfo><mdDateSt Sync="FALSE">20140201</mdDateSt><mdContact xmlns=""><rpIndName>GIS Analyst</rpIndName><rpOrgName>ICF International</rpOrgName><rpCntInfo xmlns=""><cntAddress addressType=""><delPoint>530 Gaither Road, Suite 500</delPoint><city>Rockville</city><adminArea>MD</adminArea><postCode>20850</postCode><country>US</country><eMailAdd>spatialdata@dhsprogram.com</eMailAdd></cntAddress><cntPhone><voiceNum tddtty="">+1 301-407-6500</voiceNum><faxNum>+1 301-572-0999</faxNum></cntPhone><cntHours>9:00-5:00 M-F</cntHours></rpCntInfo><role><RoleCd value="007"/></role><rpPosName>GIS Analyst</rpPosName></mdContact><mdConst><LegConsts xmlns=""><useLimit>This spatial Demographic and Health Surveys Program Data Package is made available from the Spatial Data Repository and STATcompiler under the Open Database License: http://opendatacommons.org/licenses/odbl/1.0/. Any rights in individual contents of the database are licensed under the Database Contents License: http://opendatacommons.org/licenses/dbcl/1.0/</useLimit><accessConsts><RestrictCd value="008"/></accessConsts><useConsts><RestrictCd value="008"/></useConsts></LegConsts></mdConst><dataSetURI>spatialdata.dhsprogram.com</dataSetURI><mdMaint xmlns=""><maintFreq><MaintFreqCd value="009"/></maintFreq></mdMaint></metadata>
