<metadata xml:lang="en"><Esri><CreaDate>20130603</CreaDate><CreaTime>15132700</CreaTime><ArcGISFormat>1.0</ArcGISFormat><ArcGISstyle>ISO 19139 Metadata Implementation Specification</ArcGISstyle><SyncOnce>TRUE</SyncOnce><DataProperties><itemProps><itemName Sync="TRUE">Export_Output</itemName><imsContentType Sync="TRUE" export="False">002</imsContentType><nativeExtBox><westBL Sync="TRUE">33.907223</westBL><eastBL Sync="TRUE">41.902870</eastBL><southBL Sync="TRUE">-4.677528</southBL><northBL Sync="TRUE">5.040867</northBL><exTypeCode Sync="TRUE">1</exTypeCode></nativeExtBox><itemSize Sync="TRUE">0.218</itemSize><itemLocation><linkage Sync="TRUE">file://\\ICF2000738\E$\06_SDR\05_Website\SDR_Metadata_Template-Subnational (1)</linkage><protocol Sync="TRUE">Local Area Network</protocol></itemLocation></itemProps><coordRef><type Sync="TRUE">Geographic</type><geogcsn Sync="TRUE">GCS_WGS_1984</geogcsn><peXml Sync="TRUE">&lt;GeographicCoordinateSystem xsi:type='typens:GeographicCoordinateSystem' xmlns:xsi='http://www.w3.org/2001/XMLSchema-instance' xmlns:xs='http://www.w3.org/2001/XMLSchema' xmlns:typens='http://www.esri.com/schemas/ArcGIS/10.0'&gt;&lt;WKT&gt;GEOGCS[&amp;quot;GCS_WGS_1984&amp;quot;,DATUM[&amp;quot;D_WGS_1984&amp;quot;,SPHEROID[&amp;quot;WGS_1984&amp;quot;,6378137.0,298.257223563]],PRIMEM[&amp;quot;Greenwich&amp;quot;,0.0],UNIT[&amp;quot;Degree&amp;quot;,0.0174532925199433],AUTHORITY[&amp;quot;EPSG&amp;quot;,4326]]&lt;/WKT&gt;&lt;XOrigin&gt;-399.99999999999989&lt;/XOrigin&gt;&lt;YOrigin&gt;-399.99999999999989&lt;/YOrigin&gt;&lt;XYScale&gt;11258999068426.24&lt;/XYScale&gt;&lt;ZOrigin&gt;-100000&lt;/ZOrigin&gt;&lt;ZScale&gt;10000&lt;/ZScale&gt;&lt;MOrigin&gt;-100000&lt;/MOrigin&gt;&lt;MScale&gt;10000&lt;/MScale&gt;&lt;XYTolerance&gt;8.9831528411952133e-009&lt;/XYTolerance&gt;&lt;ZTolerance&gt;0.001&lt;/ZTolerance&gt;&lt;MTolerance&gt;0.001&lt;/MTolerance&gt;&lt;HighPrecision&gt;true&lt;/HighPrecision&gt;&lt;LeftLongitude&gt;-180&lt;/LeftLongitude&gt;&lt;WKID&gt;4326&lt;/WKID&gt;&lt;/GeographicCoordinateSystem&gt;</peXml></coordRef><copyHistory><copy source="E:\06_SDR\05_Website\GIS_SDR_Database\SDR_Metadata_Template-Subnational" dest="\\ICF2000738\E$\06_SDR\05_Website\SDR_Metadata_Template-Subnational (1)" date="20130603" time="15133800"/></copyHistory></DataProperties><SyncDate>20111208</SyncDate><SyncTime>15104800</SyncTime><ModDate>20140226</ModDate><ModTime>14565200</ModTime><ArcGISProfile>ISO19139</ArcGISProfile><scaleRange><minScale>150000000</minScale><maxScale>50000</maxScale></scaleRange></Esri><dataIdInfo><envirDesc Sync="TRUE">Microsoft Windows Server 2008 R2 Version 6.1 (Build 7600) ; ESRI ArcGIS 10.0.0.2414</envirDesc><dataLang><languageCode value="eng" country="USA"/></dataLang><idCitation xmlns=""><resTitle Sync="FALSE">The Demographic and Health Surveys (DHS) Program Spatial Data Indicators</resTitle><presForm xmlns=""><PresFormCd value="005"/></presForm><citRespParty xmlns=""><rpOrgName>ICF International</rpOrgName><role><RoleCd value="006"/></role></citRespParty><otherCitDet>Spatial Data Repository, The Demographic and Health Surveys Program. ICF International. 
Available from spatialdata.dhsprogram.com. [Accessed (please insert date of download DD MONTH YEAR)].</otherCitDet></idCitation><descKeys><thesaName uuidref="723f6998-058e-11dc-8314-0800200c9a66"/><keyword Sync="TRUE">002</keyword></descKeys><spatRpType><SpatRepTypCd value="001"/></spatRpType><dataExt xmlns=""><geoEle xmlns=""><GeoBndBox esriExtentType="search"><westBL Sync="TRUE">33.907223</westBL><eastBL Sync="TRUE">41.902870</eastBL><northBL Sync="TRUE">5.040867</northBL><southBL Sync="TRUE">-4.677528</southBL><exTypeCode Sync="TRUE">1</exTypeCode></GeoBndBox></geoEle></dataExt><idPurp>Contains indicator values by country for the selected The DHS Program surveys and indicators.  Refer to the accompanying *csv document within the downloaded package for detailed a detailed indicator key and a summary of available data for the selected survey(s) and indicator(s).  </idPurp><idAbs>&lt;DIV STYLE="text-align:Left;"&gt;&lt;DIV&gt;&lt;DIV&gt;&lt;P&gt;&lt;SPAN&gt;As part of the President’s Emergency Plan for AIDS Relief (PEPFAR) the PEPFAR supported Spatial Data Repository provides geographically based information on various Health and HIV indicators. STATcompiler provides the indicator data to populate the geographic information for the Spatial Data Repository. All data is from The Demographic and Health Surveys (DHS) Program, which conducts nationally representative population-based surveys in over 89 countries. &lt;/SPAN&gt;&lt;/P&gt;&lt;UL STYLE="margin:0 0 0 0;padding:0 0 0 0;"&gt;&lt;LI&gt;&lt;P&gt;&lt;SPAN&gt;&lt;SPAN&gt;Administrative0 Boundaries source: US Department of State's Office of the Geographer (INR/GGI) - Small Scale International Boundaries (SSIB), Updated December 2011.&lt;/SPAN&gt;&lt;/SPAN&gt;&lt;/P&gt;&lt;/LI&gt;&lt;/UL&gt;&lt;/DIV&gt;&lt;/DIV&gt;&lt;/DIV&gt;</idAbs><searchKeys><keyword>SDR</keyword><keyword>PEPFAR</keyword><keyword>USAID</keyword><keyword>DHS Program</keyword><keyword>DHS</keyword><keyword>STATcompiler</keyword></searchKeys><themeKeys xmlns=""><keyword>HIV, Indicators, DHS</keyword></themeKeys><idPoC xmlns=""><rpIndName>GIS Analyst</rpIndName><rpOrgName>ICF International</rpOrgName><rpCntInfo xmlns=""><cntAddress addressType=""><delPoint>530 Gaither Road, Suite 500</delPoint><city>Rockville</city><adminArea>MD</adminArea><postCode>20850</postCode><country>US</country><eMailAdd>spatialdata@dhsprogram.com</eMailAdd></cntAddress><cntPhone><voiceNum tddtty="">+1 301-407-6500</voiceNum><faxNum>+1 301-572-0999</faxNum></cntPhone><cntHours>9:00-5:00 M-F</cntHours></rpCntInfo><role><RoleCd value="007"/></role></idPoC><resConst><LegConsts xmlns=""><useLimit>This spatial Demographic and Health Surveys Program Data Package is made available from the Spatial Data Repository and STATcompiler under the Open Database License: http://opendatacommons.org/licenses/odbl/1.0/. Any rights in individual contents of the database are licensed under the Database Contents License: http://opendatacommons.org/licenses/dbcl/1.0/</useLimit><accessConsts><RestrictCd value="008"/></accessConsts><useConsts><RestrictCd value="008"/></useConsts></LegConsts></resConst><dataChar><CharSetCd value="004"/></dataChar><idCredit>USAID-funded The Demographic and Health Surveys (DHS) Program: Produced by ICF International, USA. Refer to the final report online to determine the local implementing agencies for each survey: http://www.dhsprogram.com/Publications/Publication-Search.cfm</idCredit><resConst><Consts xmlns=""><useLimit>&lt;DIV STYLE="text-align:Left;"&gt;&lt;DIV&gt;&lt;DIV&gt;&lt;P&gt;&lt;SPAN&gt;This spatial Demographic and Health Surveys Program Data Package is made available from the Spatial Data Repository and STATcompiler under the Open Database License: http://opendatacommons.org/licenses/odbl/1.0/. Any rights in individual contents of the database are licensed under the Database Contents License: http://opendatacommons.org/licenses/dbcl/1.0/&lt;/SPAN&gt;&lt;/P&gt;&lt;P&gt;&lt;SPAN&gt;Data users should cite the Spatial Data Repository as the source of all derived reports, publications, presentations, or other products. To use the recommended citation, simply replace the date of download.&lt;/SPAN&gt;&lt;/P&gt;&lt;P STYLE="margin:0 0 0 0;"&gt;&lt;SPAN STYLE="font-size:12pt"&gt;Spatial Data Repository, The Demographic and Health Surveys Program. ICF International. &lt;/SPAN&gt;&lt;/P&gt;&lt;P STYLE="margin:0 0 0 0;"&gt;&lt;SPAN STYLE="font-size:12pt"&gt;Available from &lt;/SPAN&gt;&lt;A href="http://spatialdata.dhsprogram.com"&gt;&lt;SPAN STYLE="font-size:12pt"&gt;spatialdata.dhsprogram.com&lt;/SPAN&gt;&lt;/A&gt;&lt;SPAN STYLE="font-size:12pt"&gt;. [Accessed (please insert date of download DD MONTH YEAR)].&lt;/SPAN&gt;&lt;/P&gt;&lt;P&gt;&lt;SPAN /&gt;&lt;/P&gt;&lt;/DIV&gt;&lt;/DIV&gt;&lt;/DIV&gt;</useLimit></Consts></resConst><resMaint xmlns=""><maintFreq><MaintFreqCd value="009"/></maintFreq></resMaint><tpCat><TopicCatCd value="009"/></tpCat></dataIdInfo><mdLang><languageCode value="eng"/></mdLang><mdChar><CharSetCd value="004"/></mdChar><distInfo xmlns=""><distFormat xmlns=""><formatName Sync="TRUE">Shapefile</formatName></distFormat><distTranOps xmlns=""><transSize Sync="TRUE">0.218</transSize></distTranOps><distributor xmlns=""><distorCont xmlns=""><rpIndName>Spatial Data Repository and STATcompiler</rpIndName><role><RoleCd value="005"/></role><rpOrgName>ICF International</rpOrgName></distorCont></distributor></distInfo><mdHrLv><ScopeCd value="005"/></mdHrLv><mdHrLvName Sync="TRUE">dataset</mdHrLvName><refSysInfo><RefSystem dimension=""><refSysID xmlns=""><identCode code="4326"/><idCodeSpace Sync="TRUE">EPSG</idCodeSpace><idVersion Sync="TRUE">7.4.1</idVersion></refSysID></RefSystem></refSysInfo><spdoinfo><ptvctinf><esriterm Name="Export_Output"><efeatyp Sync="TRUE">Simple</efeatyp><efeageom Sync="TRUE">4</efeageom><esritopo Sync="TRUE">FALSE</esritopo><efeacnt Sync="TRUE">8</efeacnt><spindex Sync="TRUE">TRUE</spindex><linrefer Sync="TRUE">FALSE</linrefer></esriterm></ptvctinf></spdoinfo><spatRepInfo><VectSpatRep><topLvl><TopoLevCd value="001"/></topLvl><geometObjs><geoObjTyp><GeoObjTypCd value="002"/><geoObjCnt Sync="TRUE">8</geoObjCnt></geoObjTyp></geometObjs></VectSpatRep></spatRepInfo><eainfo><detailed xmlns=""><enttyp><enttypl>Attribute Fields</enttypl></enttyp><attr xmlns=""><attrlabl>CC</attrlabl><attalias>FIPS Country Code</attalias><attrdef>Country Codes from the U.S. standard FIPS (Federal Information Processing Standard) PUB 10-4</attrdef><attrdefs>U.S. standard FIPS PUB 10-4</attrdefs><attrtype>String</attrtype><attwidth>5</attwidth></attr><attr xmlns=""><attrlabl>Name</attrlabl><attalias>Country Name</attalias><attrdef>Country Name</attrdef><attrdefs>U.S. Department of State's Office of the Geographer (INR/GGI)</attrdefs><attrtype>String</attrtype><attwidth>50</attwidth></attr><attr xmlns=""><attrlabl>REGION</attrlabl><attalias>REGION</attalias><attrdef>The region of the world to which the country belongs</attrdef><attrdefs>U.S. Department of State's Office of the Geographer (INR/GGI)</attrdefs><attrtype>String</attrtype><attwidth>100</attwidth></attr><attr xmlns=""><attrlabl>DHS_CC</attrlabl><attalias>DHS Country Code</attalias><attrdef>The DHS Program assigned country code</attrdef><attrdefs>www.dhsprogram.com</attrdefs><attrtype>String</attrtype><attwidth>2</attwidth></attr><attr xmlns=""><attrlabl>IndicatorValues</attrlabl><attrdef>If there is no data available for a selected indicator for the selected survey(s), the attribute field will be "null" in geodatabase format or "9999" in shapefile format. Please note that survey questionnaires vary by survey type and country, therefore not all indicators are available for all surveys.  Refer to the data_availability.csv file to view whether the indicator(s) selected for this data package are available</attrdef></attr></detailed><overview xmlns=""><eaover>If there is no data available for a selected indicator for the selected survey(s), the attribute field will be "null" in geodatabase format or "9999" in shapefile format. Please note that survey questionnaires vary by survey type and country, therefore not all indicators are available for all surveys.  Refer to the data_availability.csv file to view whether the indicator(s) selected for this data package are available</eaover></overview></eainfo><mdDateSt Sync="FALSE">20140201</mdDateSt><mdContact xmlns=""><rpIndName>GIS Analyst</rpIndName><rpOrgName>ICF International</rpOrgName><rpCntInfo xmlns=""><cntAddress addressType=""><delPoint>530 Gaither Road, Suite 500</delPoint><city>Rockville</city><adminArea>MD</adminArea><postCode>20850</postCode><country>US</country><eMailAdd>spatialdata@dhsprogram.com</eMailAdd></cntAddress><cntPhone><voiceNum tddtty="">+1 301-407-6500</voiceNum><faxNum>+1 301-572-0999</faxNum></cntPhone><cntHours>9:00-5:00 M-F</cntHours></rpCntInfo><role><RoleCd value="007"/></role><rpPosName>GIS Analyst</rpPosName></mdContact><mdConst><LegConsts xmlns=""><useLimit>This spatial Demographic and Health Surveys Program Data Package is made available from the Spatial Data Repository and STATcompiler under the Open Database License: http://opendatacommons.org/licenses/odbl/1.0/. Any rights in individual contents of the database are licensed under the Database Contents License: http://opendatacommons.org/licenses/dbcl/1.0/</useLimit><accessConsts><RestrictCd value="008"/></accessConsts><useConsts><RestrictCd value="008"/></useConsts></LegConsts></mdConst><dataSetURI>spatialdata.dhsprogram.com</dataSetURI><mdMaint xmlns=""><maintFreq><MaintFreqCd value="009"/></maintFreq></mdMaint></metadata>
